meal_prep_done,carpool_done,transit_done,grocery_spent,gas_spent,total_spent,target_savings
0,1,0,58.16,23.85,108.05,30.71
0,0,0,54.19,40.11,132.67,0.0
0,0,1,50.33,25.72,115.42,24.41
1,1,0,71.98,27.74,151.08,42.88
1,0,0,56.26,38.32,138.71,29.85
0,1,1,41.0,39.47,136.29,41.82
0,1,0,66.95,33.73,142.96,14.21
1,1,1,53.13,10.4,86.97,75.98
0,1,1,17.32,19.56,90.34,46.62
0,1,1,34.86,14.17,114.5,42.31
1,0,1,27.35,37.22,97.7,52.43
0,0,0,39.85,36.12,146.58,4.66
0,0,0,53.17,35.97,121.22,0.0
0,0,1,67.7,21.02,155.41,26.48
0,0,0,35.99,37.84,111.54,1.66
1,0,0,51.31,27.01,130.15,20.06
1,0,0,63.09,52.87,198.42,34.12
1,1,1,57.52,41.58,154.25,76.57
1,1,1,44.84,37.51,125.79,70.69
1,0,0,44.12,15.36,115.41,31.31
0,1,1,30.35,59.44,117.86,49.57
1,0,0,53.22,9.78,94.14,37.02
0,1,1,62.27,19.45,116.56,47.29
1,0,0,50.9,54.63,151.69,31.51
1,0,1,79.48,10.6,124.82,55.84
1,0,0,37.97,43.84,159.92,36.96
0,0,1,43.36,33.78,165.82,25.4
0,1,1,26.74,30.69,86.18,47.37
0,1,1,68.73,30.66,172.77,49.37
1,0,0,44.65,35.56,151.09,32.63
0,1,1,50.94,35.02,133.02,45.9
0,0,0,57.83,32.97,145.81,1.73
1,1,0,62.81,47.89,172.03,49.18
0,0,1,52.62,17.83,141.44,31.63
0,1,0,49.93,26.17,116.84,14.44
1,0,0,62.33,48.97,156.39,26.23
0,1,1,54.74,30.59,153.54,44.85
0,1,0,91.02,30.94,143.83,19.83
0,1,0,72.2,33.97,120.5,18.78
1,0,1,57.1,29.27,119.43,47.43
0,0,1,15.23,27.32,114.48,23.32
0,1,1,53.46,21.91,146.52,45.26
0,1,0,56.28,22.72,92.96,22.34
1,0,1,57.73,68.53,187.67,60.68
1,1,1,51.03,25.91,164.72,71.62
0,0,1,23.17,33.57,98.45,25.4
1,1,1,55.32,11.2,135.84,72.45
1,1,1,39.04,32.16,122.12,71.74
0,0,0,48.39,25.14,155.39,0.0
1,0,1,38.42,46.61,128.35,53.41
1,1,1,52.76,35.78,181.23,76.13
0,1,0,27.21,25.16,127.71,16.46
0,0,1,60.49,36.0,136.86,14.53
0,0,1,73.15,43.23,163.81,22.67
1,0,1,97.81,30.84,198.1,62.72
1,0,1,51.05,26.15,129.46,58.31
1,0,1,53.4,27.29,139.62,60.68
0,0,1,42.7,32.08,142.48,22.68
1,1,1,49.57,12.84,91.55,81.63
0,0,1,62.19,36.3,131.91,22.2
0,1,1,74.16,35.28,152.09,42.26
1,1,0,73.29,25.6,140.74,51.31
0,0,1,13.15,29.23,80.59,23.51
1,1,0,54.86,28.7,135.5,52.98
0,1,0,53.03,21.95,96.17,21.35
0,0,1,39.51,29.91,77.62,33.85
0,0,0,63.33,34.96,149.41,0.3
1,0,1,42.93,32.32,96.29,47.96
1,0,0,52.79,38.26,167.59,25.23
0,0,1,19.44,45.7,109.1,24.98
1,1,1,62.78,37.68,161.56,78.67
0,0,1,48.37,34.02,146.19,22.99
1,0,1,21.55,35.99,104.18,56.43
0,1,0,84.14,34.06,159.56,29.3
0,1,1,71.55,22.98,141.67,42.0
1,1,0,37.4,24.01,68.93,47.37
1,1,1,30.12,22.29,92.51,74.75
0,0,0,58.57,39.71,163.11,7.38
1,1,1,52.13,40.37,136.31,69.15
1,0,1,24.3,43.54,115.55,61.19
0,0,0,55.14,49.12,160.64,0.97
0,0,0,45.3,14.01,81.94,2.68
0,1,1,49.98,25.74,151.22,44.54
1,1,0,80.91,47.55,173.49,54.86
1,0,0,70.95,26.1,170.05,32.63
0,1,1,24.04,44.44,136.2,44.31
1,0,1,62.99,28.96,146.36,45.58
0,0,0,24.45,29.44,111.58,0.0
0,1,0,55.63,16.28,131.62,9.69
0,0,1,33.48,34.88,133.31,23.55
0,0,0,51.14,33.53,146.99,0.0
1,1,1,48.39,19.65,106.97,69.01
1,1,0,40.62,27.26,157.17,49.01
1,1,0,62.77,23.8,121.84,52.9
0,0,0,49.47,30.57,133.88,7.99
1,0,1,58.65,33.11,203.34,60.6
0,1,1,32.45,13.41,101.74,42.56
1,1,0,34.08,23.46,92.07,48.25
0,0,1,17.35,26.09,87.48,35.86
1,0,1,72.85,35.39,137.49,54.05
0,0,1,53.39,38.4,141.56,16.81
1,0,0,44.58,27.62,113.03,26.87
1,1,0,52.61,39.08,141.51,52.26
1,0,1,51.49,37.51,105.62,57.72
1,0,1,59.61,21.85,168.4,56.33
1,1,1,32.91,32.68,171.27,66.94
0,1,1,81.01,10.55,113.55,46.15
1,1,1,62.54,18.7,141.83,82.21
1,1,0,46.8,31.6,137.43,53.22
1,1,0,52.55,30.89,143.2,57.9
1,0,1,57.98,36.96,155.26,57.38
0,0,0,54.35,50.75,172.52,0.0
0,1,1,76.59,26.02,157.61,49.03
0,0,0,26.3,30.16,101.67,4.12
1,0,1,53.63,14.7,80.98,51.18
0,1,1,55.08,25.85,143.58,56.35
0,0,1,64.55,37.21,144.72,22.87
1,1,0,44.79,38.29,158.82,47.78
0,0,0,71.21,25.26,147.02,0.0
1,1,1,38.39,17.55,70.37,82.48
0,1,1,61.43,32.13,160.91,40.32
0,1,1,76.73,35.9,166.97,47.21
1,0,1,40.55,28.17,112.13,52.65
1,1,1,50.84,40.94,107.93,82.65
0,0,0,59.24,23.7,114.63,1.23
1,0,1,46.55,36.28,158.24,50.91
0,1,0,57.08,14.7,142.55,16.51
0,1,1,45.97,18.93,166.37,45.3
0,1,0,70.25,26.7,137.99,9.38
0,0,0,88.55,18.93,185.25,0.0
1,0,1,73.88,29.82,147.72,51.42
0,0,0,28.89,22.22,78.9,8.76
0,0,1,68.33,8.26,111.18,21.88
0,0,1,51.48,28.7,140.19,19.73
0,1,1,68.75,34.2,147.43,39.71
0,1,1,54.89,17.49,140.86,44.08
0,0,1,65.08,24.93,133.42,24.52
1,0,0,68.7,8.3,91.93,27.28
1,1,1,44.67,32.57,132.94,75.19
0,1,1,44.55,29.43,130.13,36.45
0,0,0,59.26,18.0,106.37,0.0
0,0,1,25.56,35.52,151.19,28.59
1,1,0,36.52,20.9,89.29,54.22
0,0,0,22.39,17.2,77.09,0.13
1,1,0,46.62,42.08,143.31,52.16
1,0,1,81.22,26.95,160.08,55.9
0,1,1,31.52,31.45,117.69,46.16
0,0,0,67.24,22.97,139.51,8.85
0,1,1,38.05,29.24,111.13,41.71
0,0,0,30.21,27.74,129.24,0.6
1,0,0,62.07,39.3,152.17,30.06
1,0,1,56.44,32.08,143.95,48.62
1,0,1,55.36,24.13,125.63,54.23
0,0,0,66.94,29.2,136.82,4.43
1,0,0,30.89,44.14,107.91,43.71
0,0,0,68.84,21.05,136.15,0.0
0,1,0,68.45,38.36,103.87,23.65
1,1,1,60.7,30.47,165.63,71.58
0,1,0,88.97,23.5,148.91,12.39
1,0,0,73.69,24.77,140.06,28.59
1,1,1,56.82,37.44,112.43,78.18
0,1,0,20.99,17.93,67.51,23.41
1,0,0,58.45,14.67,139.75,31.04
1,0,0,52.5,34.92,143.2,42.28
1,0,1,43.76,28.96,133.03,60.97
0,0,0,44.4,18.26,128.58,5.24
1,0,1,83.54,23.34,111.96,50.61
0,1,0,54.29,33.34,150.8,30.05
0,1,1,46.47,31.02,138.51,45.19
1,0,1,-2.21,21.3,93.2,56.72
1,1,1,66.56,31.33,151.03,83.66
1,1,1,62.31,35.07,168.71,80.85
0,0,1,52.92,28.41,130.5,27.78
0,0,1,44.45,21.66,102.32,27.47
1,1,1,37.84,38.62,139.51,65.54
1,0,1,59.68,51.63,155.16,56.1
1,0,1,67.8,27.64,121.72,53.01
0,0,1,52.63,34.09,132.99,22.98
0,1,1,46.49,48.47,133.23,54.55
0,0,1,73.48,29.34,141.72,34.41
1,1,0,51.33,41.66,132.14,54.39
1,1,0,66.83,43.11,155.48,44.27
0,0,1,44.84,45.49,118.01,19.14
1,0,1,31.23,44.44,124.02,60.59
1,1,1,47.62,18.13,108.35,75.12
0,1,1,68.74,34.91,133.04,44.75
0,1,1,55.48,14.2,108.21,42.68
1,1,0,62.61,23.47,127.16,40.55
1,0,1,35.94,46.19,156.44,58.71
1,1,0,49.64,24.29,118.66,47.98
0,1,1,49.79,26.17,113.77,39.27
1,1,1,53.13,9.58,107.76,71.59
0,0,1,29.22,18.93,116.53,27.76
1,0,1,54.13,22.01,162.39,56.79
1,1,1,68.98,35.59,147.86,87.07
0,1,1,69.76,31.98,193.24,41.55
0,1,1,75.28,25.4,185.33,50.38
0,0,0,34.53,24.71,121.61,5.65
0,1,1,57.59,10.03,100.75,44.93
0,0,0,46.14,13.31,117.44,3.24
0,1,1,70.77,37.57,158.91,52.9
1,0,0,26.57,50.02,124.48,38.9
1,0,1,59.0,41.34,124.79,47.26
1,1,0,40.62,33.96,134.46,51.3
0,1,1,53.46,6.75,96.14,44.29
0,1,1,47.65,40.62,93.58,46.18
1,0,1,30.12,40.73,141.79,53.52
0,0,0,42.98,33.47,125.51,2.39
0,1,0,21.22,23.42,133.66,17.05
0,0,0,59.73,16.08,109.05,2.6
1,1,0,25.45,42.06,147.4,50.89
1,1,1,65.45,32.39,142.66,74.02
1,1,1,45.18,25.49,123.65,72.61
0,1,0,47.15,34.48,119.86,20.05
1,1,0,79.58,27.87,158.8,52.0
1,0,0,81.33,28.6,182.09,24.8
1,1,0,44.08,25.73,105.4,52.42
1,0,0,58.21,20.83,128.42,40.02
0,1,1,55.6,35.07,144.64,43.7
1,0,0,59.58,18.57,160.82,24.27
1,1,1,55.14,18.88,140.07,73.01
0,1,0,55.11,44.35,160.75,21.78
0,1,1,48.33,37.68,151.8,43.04
0,1,1,47.4,30.16,105.63,37.8
0,0,0,63.12,8.43,142.82,11.23
0,1,1,52.55,23.0,147.34,52.67
1,0,0,59.34,30.58,141.71,24.09
0,1,1,70.76,35.64,168.3,49.27
0,0,0,45.94,42.62,141.15,1.9
0,0,1,47.17,35.53,132.02,20.25
1,0,1,57.84,32.07,189.02,59.89
1,1,1,35.16,39.41,104.91,73.88
0,0,0,54.94,33.95,127.26,0.0
0,1,0,70.96,29.25,138.63,20.32
1,0,0,88.19,34.13,183.91,35.8
1,1,0,31.34,23.07,90.04,54.47
0,1,1,65.43,35.7,139.78,47.16
0,1,0,57.87,22.65,123.43,22.27
0,1,1,34.05,22.6,117.82,39.05
0,1,0,48.68,55.8,138.4,28.2
1,0,0,65.64,24.8,107.46,35.23
1,0,0,33.49,22.89,94.64,29.01
0,1,1,42.19,32.05,97.33,49.12
1,1,0,20.09,33.74,128.39,43.95
0,1,1,20.73,23.71,77.94,45.81
0,0,0,35.14,36.29,103.13,0.41
0,0,1,49.7,33.84,115.27,23.59
0,1,1,68.2,31.42,196.0,46.97
1,1,0,54.47,40.02,119.73,50.12
0,1,1,33.94,21.1,90.96,43.81
0,0,0,69.65,30.39,153.91,0.0
1,0,1,49.91,38.38,139.93,54.51
0,1,1,76.61,32.6,151.99,42.75
1,0,0,32.18,26.47,87.92,36.57
1,1,1,51.85,37.09,99.56,73.91
0,1,0,70.85,35.58,156.64,13.44
0,1,0,38.01,33.52,140.54,3.06
0,1,0,57.62,30.54,102.11,16.77
1,1,1,60.89,25.41,103.17,81.28
0,0,0,46.8,44.91,144.68,0.0
0,0,0,39.36,38.54,138.88,0.0
0,1,1,26.99,39.12,126.1,56.44
0,1,0,43.51,43.27,111.33,26.73
0,1,1,58.12,37.59,134.18,32.04
1,1,0,76.24,37.94,173.33,44.03
0,0,1,35.09,29.69,75.58,35.3
1,1,0,44.16,35.54,151.53,52.67
0,1,0,72.07,27.91,136.59,25.2
0,1,1,47.03,26.2,121.48,45.76
1,0,1,71.16,42.14,168.83,59.0
0,0,1,65.16,28.69,131.77,24.62
1,0,0,44.52,31.85,99.42,25.14
0,1,0,33.85,12.21,121.17,20.94
1,1,1,59.11,43.11,127.17,72.49
0,1,1,46.83,28.83,125.11,47.87
0,1,1,40.35,39.28,130.77,46.34
0,1,0,85.45,34.21,174.27,15.46
0,0,1,23.93,10.52,96.04,25.74
1,1,0,49.31,50.43,125.49,55.68
0,0,1,47.49,32.83,125.35,33.04
1,1,1,30.6,32.34,110.0,73.18
1,0,0,48.58,29.14,143.98,32.89
0,0,0,43.64,20.6,143.8,0.0
0,1,0,58.48,12.39,135.94,21.91
0,0,1,32.1,27.67,136.31,26.24
1,0,0,69.32,25.77,150.3,23.0
1,1,0,73.17,39.45,176.35,38.93
1,1,1,38.23,36.48,122.29,77.1
0,1,0,48.41,42.22,119.2,20.03
0,0,1,58.84,33.39,108.25,32.29
0,1,1,44.09,25.88,91.08,36.69
0,1,0,41.54,31.85,154.22,30.03
1,1,1,87.69,26.61,158.17,75.33
0,0,0,66.74,23.51,159.2,3.41
1,0,1,36.43,26.97,95.85,58.91
0,1,0,72.7,36.31,138.53,29.27
1,1,1,58.18,20.57,134.82,68.12
1,1,0,42.08,37.71,91.88,50.85
0,0,1,43.83,35.29,115.29,13.88
1,0,0,32.45,1.28,83.18,38.86
0,1,0,43.04,26.54,134.14,19.13
0,1,0,35.35,21.08,113.53,18.89
1,1,1,33.96,10.63,84.99,78.57
0,0,1,13.64,38.84,117.21,23.59
1,1,1,34.05,31.38,110.27,79.63
1,1,1,63.27,20.81,111.87,77.84
1,0,0,54.61,28.69,116.83,29.18
1,0,0,34.76,30.62,123.96,33.47
0,0,1,82.61,39.4,183.04,22.82
1,0,0,43.27,50.1,178.77,24.83
1,1,1,45.47,32.24,129.15,74.89
0,0,0,40.31,22.01,102.66,0.0
1,1,1,35.39,34.59,151.64,76.9
0,0,1,49.08,22.64,123.39,29.41
1,0,1,37.95,8.7,80.38,53.97
0,0,0,51.7,15.62,135.7,0.0
1,0,0,65.74,16.19,76.75,35.32
1,1,1,62.51,25.72,132.92,77.42
1,1,0,43.6,30.9,151.62,46.03
1,0,0,80.94,19.32,150.75,37.06
1,0,0,34.13,29.59,95.27,35.87
1,1,1,32.16,27.45,110.27,73.67
0,1,0,42.47,35.59,133.92,19.63
1,0,0,52.53,43.18,125.57,35.7
0,1,0,30.08,40.83,135.65,17.17
1,1,1,58.19,21.6,118.48,72.95
0,0,0,56.71,17.86,163.45,0.0
0,0,1,56.06,29.76,117.74,26.62
1,1,1,36.15,35.04,138.55,73.11
0,1,0,65.43,16.83,146.73,23.34
0,0,1,62.89,33.46,115.13,17.86
1,1,0,17.41,38.47,95.18,49.55
1,1,1,58.11,38.85,167.02,85.28
1,0,0,59.89,26.14,142.82,26.77
0,1,1,24.5,35.28,124.69,40.57
0,1,0,64.25,47.11,159.27,19.16
0,1,1,25.61,25.04,107.72,51.97
0,0,1,55.21,41.64,152.15,28.21
0,1,1,42.23,32.41,123.13,49.38
0,0,0,47.94,39.53,169.71,6.57
1,0,0,71.02,41.09,154.86,27.49
1,0,0,56.36,31.43,167.38,33.06
0,1,0,63.6,27.85,157.58,21.03
0,1,1,28.91,29.17,77.98,48.8
1,0,0,67.39,31.21,138.9,33.88
0,0,0,57.2,57.31,172.06,0.0
0,1,0,62.75,24.25,157.76,20.43
0,0,0,78.52,29.39,143.74,0.0
1,0,1,55.16,37.69,159.68,49.17
0,0,1,52.17,23.85,111.86,26.71
1,0,0,39.95,32.67,145.26,41.0
0,0,1,46.63,23.5,123.5,27.21
0,1,1,53.49,39.14,119.81,45.03
0,0,0,55.72,36.37,143.26,0.0
1,1,0,54.75,49.01,137.04,49.49
0,1,0,52.4,19.72,147.44,15.67
0,1,1,65.72,26.65,127.59,44.16
0,0,1,46.01,44.33,150.91,27.44
1,1,0,44.61,32.32,121.49,49.63
1,0,1,33.64,25.89,87.41,53.93
1,0,0,47.68,34.31,85.0,31.67
0,0,0,47.74,22.86,142.81,0.0
0,1,1,54.08,41.58,126.9,45.71
0,0,1,42.89,29.86,133.67,25.03
1,1,0,23.49,15.49,72.22,47.78
0,1,1,48.6,32.29,135.68,49.52
1,0,0,53.03,22.22,124.88,31.99
0,1,0,59.57,35.01,108.56,17.29
1,0,0,50.46,16.78,94.94,33.73
0,0,1,64.42,11.75,122.74,19.46
0,1,0,59.47,23.46,114.88,25.3
1,0,1,31.56,34.97,107.22,54.47
0,0,1,74.97,45.62,158.69,14.51
1,0,1,44.57,32.8,114.07,59.37
1,1,1,36.36,30.29,115.61,83.21
0,1,1,36.41,23.46,97.96,51.87
0,1,0,70.44,21.68,139.99,24.78
1,0,0,56.22,44.92,174.46,28.98
1,1,0,33.47,21.5,119.42,45.69
1,1,1,66.86,39.48,140.88,77.04
1,0,1,42.08,40.14,136.45,63.63
1,0,0,41.97,38.57,140.83,33.58
0,0,1,52.71,31.45,121.78,26.57
0,0,1,47.55,22.55,106.6,24.28
0,1,0,66.45,48.8,150.94,21.68
1,1,1,47.31,30.83,124.91,71.45
0,0,1,45.81,40.28,120.31,22.65
0,0,1,46.03,9.96,118.7,18.8
0,0,0,43.9,16.17,96.04,2.92
0,0,1,82.81,17.1,136.93,25.95
1,1,1,26.53,27.83,82.66,69.92
1,0,1,55.89,24.91,130.29,46.15
1,1,1,58.34,38.12,133.33,67.31
0,0,0,40.61,30.15,139.86,0.0
0,1,1,18.9,25.71,98.31,39.74
1,1,1,53.94,31.94,152.89,74.31
1,1,1,38.76,33.42,123.75,72.23
1,0,0,57.83,21.84,133.5,30.34
1,0,0,55.97,31.58,133.84,21.29
0,1,0,47.91,25.5,123.42,23.01
0,0,0,54.32,21.66,120.26,1.64
0,0,1,44.05,34.83,121.46,35.52
1,1,0,59.72,37.56,145.31,47.83
1,0,1,36.96,41.25,104.42,63.21
1,1,1,37.88,31.54,121.69,73.45
0,1,1,23.84,31.19,74.53,39.33
1,0,1,37.11,41.95,123.97,57.22
0,0,0,50.34,35.47,112.19,5.57
1,1,0,43.37,26.64,124.64,55.49
1,0,0,46.43,31.92,147.97,26.29
1,0,1,64.34,49.19,201.17,58.93
0,0,1,52.6,32.44,130.58,32.45
1,0,1,54.47,35.66,143.13,58.18
0,0,1,39.57,29.59,129.9,25.26
1,1,0,59.94,21.34,147.93,51.26
0,1,0,33.33,32.47,125.76,25.7
0,0,1,66.84,35.18,148.99,27.08
1,1,0,54.95,36.2,119.37,49.22
1,1,0,39.52,42.52,145.13,50.92
1,1,1,16.82,45.33,83.68,73.67
0,1,0,14.37,35.98,85.11,21.55
1,0,1,50.72,33.32,125.56,46.91
0,0,0,37.66,43.17,114.1,7.92
1,1,1,40.38,34.88,161.34,74.05
0,1,0,72.29,27.79,156.2,25.27
0,1,1,59.28,27.93,149.78,38.65
1,1,1,50.9,16.77,105.52,78.8
0,0,0,81.5,27.53,151.86,0.0
1,0,0,49.89,36.15,78.01,40.0
0,1,1,53.71,31.5,137.23,47.94
1,0,1,22.4,46.1,102.42,58.73
0,0,1,43.89,36.86,132.88,27.92
0,1,0,22.63,22.38,91.38,20.87
0,0,0,71.17,25.95,139.89,0.0
1,0,0,37.1,19.7,98.2,30.43
1,0,0,10.94,31.99,101.66,32.02
0,1,1,40.21,42.13,133.6,51.55
0,0,0,41.41,13.33,118.55,0.0
0,0,1,41.27,24.12,114.83,23.9
1,0,1,60.19,18.51,142.03,57.31
0,1,1,37.19,20.76,100.78,40.88
0,1,1,71.9,12.8,122.73,46.14
0,1,1,23.77,31.33,98.61,56.5
0,1,1,65.78,20.02,128.12,46.25
0,0,0,31.91,28.19,104.61,1.1
1,0,0,43.66,36.77,119.71,32.7
0,1,1,35.87,34.54,126.64,42.76
1,0,0,49.92,36.69,114.77,28.06
1,1,1,44.01,33.0,136.73,81.24
1,0,0,61.61,19.99,135.46,36.6
0,1,0,23.32,23.45,76.04,19.76
1,1,1,17.7,40.97,99.09,70.69
0,1,1,50.1,43.53,139.52,42.65
0,0,1,51.05,23.6,104.6,19.49
0,1,0,48.32,37.03,140.64,24.74
1,0,0,41.96,12.93,82.56,36.18
1,1,0,52.47,29.59,146.08,54.28
0,1,0,72.81,25.05,141.97,17.36
1,0,1,56.07,29.58,137.91,50.3
1,1,0,63.35,40.35,116.78,45.35
1,0,0,55.86,54.54,175.25,36.82
1,1,1,51.31,33.96,133.61,75.93
1,1,1,36.71,29.09,156.72,78.86
1,0,1,62.17,18.52,147.06,62.69
0,0,1,82.33,20.22,123.66,32.15
0,1,0,50.66,27.44,121.56,11.88
0,1,1,61.37,44.59,139.33,48.49
1,0,1,49.65,28.26,132.41,53.15
0,0,1,53.91,32.97,80.49,27.91
0,1,1,73.52,42.9,182.58,40.13
1,0,0,35.4,11.23,105.84,23.25
1,1,1,57.5,34.72,143.73,78.71
1,0,1,24.85,30.93,97.9,62.35
0,1,0,24.23,32.85,123.29,18.65
0,1,1,43.69,43.63,143.92,49.47
1,1,1,79.89,22.33,141.23,79.3
0,1,0,55.95,16.86,106.78,7.85
1,1,1,53.78,26.24,165.0,69.91
0,1,1,50.64,19.96,137.72,49.79
0,1,0,45.03,23.88,97.2,15.87
1,1,0,62.86,21.33,124.34,52.85
0,1,0,32.82,16.37,113.34,20.05
0,0,0,42.88,40.33,162.16,0.53
0,0,1,56.3,36.07,183.5,19.35
0,0,0,73.92,23.61,143.09,0.0
0,0,0,51.68,47.45,143.51,2.12
1,0,1,35.41,32.09,104.11,49.9
0,0,0,29.34,24.35,124.12,10.44
0,0,1,55.72,37.91,173.42,22.41
0,1,1,65.23,27.59,153.79,56.1
0,1,0,61.36,29.92,148.38,19.78
0,0,0,62.88,27.65,141.3,0.0
0,0,0,65.42,33.2,130.49,8.55
0,0,0,33.55,38.38,146.83,0.66
0,1,1,44.82,27.25,127.4,35.96
0,0,0,38.0,29.36,142.11,0.0
0,1,1,29.93,29.13,122.33,47.32
1,0,0,47.09,23.37,114.56,36.73
1,0,0,48.99,24.29,126.3,28.58
1,0,0,40.93,7.94,116.81,36.37
0,1,0,66.65,25.95,134.82,25.26
0,1,1,54.03,45.13,177.09,47.07
0,1,0,66.89,37.73,138.61,27.53
1,0,0,54.45,34.63,143.03,31.56
0,0,1,57.95,34.12,173.85,26.28
1,1,0,35.18,39.33,111.91,44.96
1,0,0,64.14,38.6,194.29,37.11
1,1,0,57.66,40.31,134.81,54.27
1,0,0,69.8,37.27,160.27,22.34
1,1,0,34.8,37.01,91.29,53.09
0,0,0,47.65,43.08,155.52,4.08
0,1,1,55.24,14.35,121.5,43.68
1,0,1,51.02,15.69,107.92,63.16
0,1,1,42.96,36.45,115.26,45.63
1,0,1,59.04,40.42,149.19,54.05
0,0,1,34.75,27.56,111.52,24.33
0,1,0,34.52,41.13,126.36,14.46
1,0,0,64.5,33.31,180.49,38.77
0,0,0,63.26,41.7,159.64,0.0
1,0,0,55.51,9.0,127.02,34.43
0,1,0,64.07,26.45,130.14,20.77
0,0,0,30.32,38.68,127.08,0.0
1,0,0,30.19,52.36,128.97,23.66
1,1,1,50.65,35.58,85.64,73.52
0,1,0,56.67,40.41,150.51,18.5
1,1,0,37.89,28.51,135.03,51.31
1,1,1,50.63,55.63,180.51,72.48
1,0,0,53.8,38.2,141.33,32.27
0,0,1,44.69,21.36,75.75,18.74
0,1,1,40.01,28.22,105.04,41.48
1,1,1,68.48,4.63,114.88,72.58
1,1,0,42.69,26.48,103.77,43.52
0,0,1,52.99,32.87,126.08,23.61
0,0,0,70.28,32.82,157.83,0.0
1,1,1,51.75,28.99,137.0,74.81
1,0,0,48.25,23.64,156.67,28.39
1,1,0,52.61,19.61,122.55,48.24
0,1,0,0.13,15.31,56.95,25.18
0,1,1,55.6,22.91,137.19,31.87
1,0,0,78.56,46.26,219.2,29.2
1,1,0,51.43,31.71,119.74,47.99
1,1,0,36.37,22.85,118.06,47.85
1,1,0,73.41,50.35,198.69,47.19
1,0,1,39.23,27.69,140.52,55.97
0,0,1,52.03,13.32,165.94,28.12
1,0,0,54.44,33.75,165.28,33.44
1,1,0,29.27,32.5,91.77,46.08
0,0,0,35.95,23.32,115.12,0.0
0,0,0,61.13,39.99,178.56,3.04
0,0,1,67.57,26.35,131.93,19.45
1,0,1,44.34,50.26,135.94,56.57
1,1,1,18.74,47.25,110.24,76.44
0,0,1,40.29,18.76,139.69,24.04
0,0,1,37.78,24.54,136.74,22.56
1,0,0,78.69,38.64,172.9,22.86
0,0,1,47.37,36.69,136.01,31.48
0,0,0,24.9,23.43,73.67,0.0
1,0,0,60.43,15.38,102.36,35.73
1,1,0,52.41,55.34,171.29,48.77
1,1,0,63.14,44.73,145.79,48.85
0,1,0,54.93,30.28,133.7,23.51
1,1,0,33.57,32.98,115.45,52.42
1,0,1,53.96,37.25,125.3,52.2
1,0,0,35.77,47.47,151.88,28.82
1,1,0,34.35,19.37,100.83,45.26
1,1,0,37.46,11.15,103.2,58.56
1,0,0,61.64,43.72,119.25,36.87
1,0,0,68.96,21.54,151.36,31.0
1,0,1,78.45,32.2,188.49,44.75
1,0,1,57.0,35.06,145.61,50.44
0,0,1,52.62,21.64,130.7,23.88
1,0,1,51.08,27.88,109.92,55.39
1,0,0,55.89,45.91,142.6,22.37
1,0,0,49.01,34.51,124.9,29.27
1,0,1,27.43,31.26,109.29,55.99
0,0,1,66.24,25.29,139.66,31.63
0,1,1,32.24,31.97,105.4,50.2
0,1,0,41.67,16.99,118.34,22.31
0,0,0,36.95,23.4,107.51,0.0
1,1,0,12.68,23.42,95.16,45.09
1,1,0,39.19,22.38,142.58,50.35
0,1,0,46.75,23.7,76.74,25.72
1,1,1,40.45,11.42,133.79,73.22
1,1,1,41.67,32.04,99.67,73.02
0,1,1,51.49,14.83,105.49,46.41
1,1,0,55.3,27.44,160.15,57.15
0,1,1,46.71,29.11,116.05,51.75
1,0,1,53.51,27.51,155.04,55.7
1,1,1,50.04,45.79,114.48,72.93
1,1,0,60.09,12.35,117.94,49.57
0,1,0,65.04,40.85,133.49,16.3
0,0,1,65.63,35.84,148.87,27.9
1,0,0,72.28,27.58,103.11,23.17
0,0,0,56.65,18.48,110.83,0.0
1,0,1,43.19,33.4,91.61,64.91
1,1,1,47.09,22.44,140.5,83.28
1,1,0,59.54,24.89,132.05,51.37
0,1,1,41.09,28.94,121.7,42.4
1,0,0,39.63,40.45,146.55,24.75
1,0,1,50.62,34.43,154.08,49.89
0,1,0,50.59,18.95,96.3,18.46
0,0,0,59.53,24.51,94.34,0.0
1,0,1,36.02,17.78,120.63,56.85
0,0,0,34.42,13.69,73.36,0.55
1,0,1,57.91,27.39,169.01,56.71
0,1,1,75.47,21.35,178.18,40.7
0,0,1,31.04,19.07,117.35,26.7
0,0,1,64.68,35.22,127.82,23.35
1,0,0,53.69,0.47,128.98,26.49
0,0,0,45.8,11.74,81.25,8.83
1,1,1,50.14,51.04,148.75,75.18
0,0,1,53.33,42.79,127.08,21.62
1,0,1,54.25,54.97,156.46,53.57
1,0,0,43.2,38.95,150.18,38.44
1,0,1,34.91,26.56,110.91,53.14
1,1,0,70.56,36.95,163.19,45.06
1,1,0,55.51,17.65,103.16,48.81
1,0,1,47.22,26.78,125.52,53.64
0,0,1,49.11,47.89,170.35,27.55
1,0,0,52.77,39.38,142.4,44.34
1,1,1,55.64,33.11,141.42,74.34
0,1,1,78.52,32.45,163.2,45.76
0,0,1,69.56,48.39,184.79,20.95
1,0,0,67.8,44.36,157.4,30.23
1,1,1,48.75,-1.88,110.52,73.43
0,1,1,44.34,32.77,101.15,41.21
1,1,0,69.98,32.27,183.42,44.56
0,1,0,45.05,27.88,110.38,18.56
0,0,0,49.02,33.28,130.49,4.89
0,1,0,37.73,13.67,125.53,25.71
0,1,0,70.22,22.35,126.79,21.73
1,0,1,57.98,33.62,176.82,55.0
0,0,0,66.87,37.3,152.56,0.0
0,1,0,45.56,27.6,174.25,16.79
1,0,1,65.28,34.65,149.45,57.21
0,1,0,66.56,34.75,151.26,17.05
1,1,1,75.35,40.89,144.17,75.68
0,1,0,42.21,51.64,155.83,15.4
1,1,0,50.7,36.97,144.08,50.88
0,0,0,34.6,42.3,107.61,8.14
0,0,1,35.32,15.49,129.49,26.25
1,1,0,48.68,33.38,128.43,47.53
1,1,1,49.98,22.78,128.92,74.85
1,1,0,39.36,49.53,128.38,50.89
0,0,1,40.26,34.11,113.96,22.54
0,0,1,23.05,44.9,101.29,23.19
0,1,1,51.63,25.82,107.62,48.45
0,1,1,53.19,40.27,165.58,42.18
1,1,0,63.21,46.94,154.75,48.55
0,1,0,46.67,18.51,100.05,20.86
1,1,1,54.15,-3.4,88.28,69.96
1,1,1,57.37,35.7,146.98,74.51
0,0,1,73.13,14.21,134.49,32.04
1,0,1,52.8,34.73,165.11,54.58
1,1,0,62.61,26.44,100.43,54.35
1,1,0,41.75,28.53,137.09,51.04
1,1,0,46.03,16.37,99.59,45.91
1,0,1,69.04,32.13,175.99,57.87
0,0,0,58.44,26.12,128.6,0.0
0,0,0,30.68,32.93,116.51,0.0
1,0,1,52.36,42.32,173.34,47.79
0,0,0,42.24,24.52,106.0,0.0
0,1,0,37.57,23.78,106.72,19.94
0,0,1,75.44,48.97,177.54,30.12
0,0,0,10.26,43.52,122.01,0.0
1,1,0,25.44,31.2,113.02,50.66
1,1,0,46.06,24.99,101.8,52.51
1,0,1,45.47,3.97,92.21,54.68
0,1,1,50.78,34.91,109.98,44.81
1,1,1,59.31,40.4,121.63,88.23
0,1,0,80.16,20.09,170.05,22.12
0,0,1,50.68,30.51,121.15,18.14
0,0,0,47.45,30.4,138.45,0.0
1,1,1,68.02,32.83,157.64,76.41
0,0,1,54.59,37.84,181.8,22.74
1,0,1,35.52,46.29,120.17,49.13
1,0,0,61.03,46.58,154.06,32.6
0,0,0,88.55,16.42,127.03,1.69
0,0,1,47.25,13.3,111.49,24.46
0,0,0,70.65,33.13,167.52,7.33
0,0,0,58.84,27.39,139.49,0.0
1,0,1,49.97,27.72,147.57,50.46
0,0,1,39.93,31.13,103.27,23.36
0,1,0,53.44,40.74,148.67,24.52
0,0,0,26.98,38.39,98.82,0.0
0,1,1,40.56,22.51,123.52,35.83
1,0,1,58.4,21.9,145.25,59.74
1,1,1,68.59,26.04,166.0,78.02
1,0,1,59.93,10.71,140.43,61.3
0,1,0,57.2,31.99,152.17,18.18
1,0,1,22.8,19.41,132.46,55.68
1,0,0,50.51,31.11,128.04,31.98
0,0,0,47.42,28.28,117.67,0.0
0,1,0,57.97,46.22,154.64,12.7
1,0,1,40.3,19.83,85.25,63.32
1,0,1,58.95,23.66,127.88,58.72
0,1,0,41.75,34.09,150.59,26.89
1,0,0,49.65,22.71,116.53,27.73
1,1,1,93.81,20.87,150.67,79.41
1,1,1,52.24,33.64,136.03,64.57
1,0,1,37.97,19.4,107.09,54.35
1,0,1,68.05,37.75,172.14,52.87
0,0,0,38.6,31.78,145.68,7.43
0,1,0,51.1,28.5,153.43,19.58
1,0,0,58.09,39.78,123.41,38.47
0,0,0,37.1,52.95,147.62,1.89
1,0,1,38.52,6.03,103.55,56.1
0,0,1,41.42,33.33,143.41,23.89
0,0,1,63.64,26.23,155.06,19.81
1,0,0,64.95,22.7,117.2,28.49
1,1,0,52.83,13.26,108.7,48.17
0,0,0,98.65,53.08,198.1,0.0
1,0,1,15.89,51.35,142.07,53.26
0,1,1,35.07,48.27,100.23,43.57
1,1,0,68.3,37.96,173.43,47.66
0,1,1,43.13,28.41,114.13,38.26
0,1,0,60.43,58.84,185.83,17.19
0,1,0,52.24,27.12,126.96,23.7
1,1,1,48.74,29.49,145.55,80.01
1,0,0,68.79,25.52,130.47,20.16
0,0,1,54.67,34.3,137.08,25.17
1,1,1,49.85,32.96,137.78,66.87
1,0,1,43.77,36.47,153.02,55.55
0,1,1,59.97,24.47,154.48,42.51
1,1,0,29.91,31.6,97.96,49.45
1,0,1,63.8,26.99,140.47,59.58
0,1,1,43.16,39.65,155.32,39.0
0,1,1,54.75,21.15,129.51,51.52
0,0,0,75.65,28.31,150.3,0.0
1,1,1,73.55,30.69,141.45,70.55
0,1,1,82.05,17.36,130.73,48.07
0,0,1,59.82,38.11,128.06,27.1
0,1,1,40.5,36.64,113.56,40.88
0,1,0,58.36,28.66,145.09,17.25
0,1,0,43.52,53.34,178.26,19.36
0,0,0,67.73,34.81,148.49,0.0
1,1,1,52.82,36.72,150.29,79.62
0,1,1,45.83,26.63,106.83,39.88
1,1,1,61.33,55.05,182.4,79.89
1,1,0,42.13,34.94,152.99,44.46
1,1,0,66.69,32.38,132.29,56.77
0,1,0,41.96,27.36,98.09,19.77
0,1,0,52.6,20.44,156.02,23.13
0,0,1,52.1,39.96,114.26,25.79
1,1,0,30.64,34.29,114.95,49.12
1,1,0,46.4,13.3,124.57,45.84
1,1,0,33.59,38.79,144.55,52.09
0,1,0,52.15,38.5,154.5,22.91
0,0,0,57.6,34.51,108.83,5.25
1,1,1,45.01,40.94,133.46,72.15
1,1,1,34.55,54.01,130.78,86.76
0,0,1,28.77,32.19,131.15,20.78
0,1,0,51.16,20.33,153.42,12.64
1,1,0,50.9,39.5,120.12,54.24
1,1,1,8.73,34.24,65.31,69.1
0,1,1,32.31,31.72,127.46,52.64
1,1,1,46.23,40.94,145.21,74.12
1,1,0,65.12,24.5,106.71,57.53
0,1,1,29.71,33.87,141.08,39.52
0,1,0,57.73,21.66,173.07,22.85
0,1,0,75.01,31.22,166.37,24.18
1,1,0,58.83,29.16,144.66,50.85
1,0,1,69.71,31.32,153.61,54.12
0,0,0,80.23,42.91,165.19,0.0
1,0,1,35.01,32.2,124.52,51.87
1,1,0,66.74,45.08,156.84,62.51
1,1,0,56.23,23.38,117.78,53.82
1,0,1,78.85,22.25,117.32,52.64
0,1,1,27.28,21.99,114.57,47.56
0,1,1,58.95,27.68,137.21,43.65
1,1,1,67.72,18.01,115.23,72.4
0,1,0,9.43,23.7,73.37,23.17
0,1,1,43.75,41.2,134.42,46.89
0,1,0,67.66,27.87,135.12,12.1
1,1,0,44.2,39.07,107.61,56.59
1,0,1,38.28,27.4,147.66,59.01
1,1,0,32.86,40.08,109.97,45.88
1,0,1,63.1,29.7,161.34,66.02
0,0,0,51.25,14.8,121.31,0.0
1,0,1,48.43,33.93,117.61,55.91
0,0,1,43.78,39.44,123.97,27.06
0,0,0,53.75,38.09,133.92,0.0
1,1,0,35.52,46.79,150.5,42.68
1,0,1,26.94,28.55,96.57,55.57
0,0,1,44.44,13.96,100.47,27.34
0,1,1,43.89,44.71,131.33,45.25
0,1,1,27.32,21.01,98.45,42.21
0,1,1,67.09,26.13,121.25,52.1
1,1,1,31.25,35.64,130.29,76.01
0,1,0,59.74,38.11,144.62,16.88
0,1,1,48.01,26.27,95.46,42.38
0,0,0,46.99,32.32,152.23,0.0
1,0,0,44.29,24.58,127.38,28.96
1,0,1,30.93,29.02,86.78,46.59
0,1,0,76.94,37.97,177.64,11.88
0,1,0,66.06,42.72,156.56,18.06
1,1,0,67.39,30.47,104.44,47.44
0,0,0,48.04,41.05,91.94,0.0
1,0,1,61.87,34.11,158.48,56.9
1,0,1,40.25,30.84,121.35,57.4
0,0,1,56.64,39.96,123.56,27.04
1,1,1,47.71,45.08,130.84,72.56
1,0,1,20.3,24.98,93.85,51.78
1,1,0,54.18,24.91,112.16,47.08
0,0,0,44.74,17.24,110.55,3.62
0,1,1,47.6,39.37,102.8,58.19
1,0,1,50.94,30.9,145.42,54.9
1,1,1,4.89,35.71,95.47,69.55
1,0,0,58.31,38.58,171.55,31.68
0,0,1,46.92,18.27,81.09,25.37
1,1,0,48.77,40.91,124.2,57.69
0,0,0,50.68,35.58,173.4,0.0
0,0,0,56.71,26.92,123.28,0.0
0,1,1,69.3,23.9,135.27,39.35
0,1,1,52.66,9.0,99.66,50.49
1,0,0,50.38,14.57,118.23,40.98
1,1,1,53.38,25.43,145.94,76.78
1,1,1,74.47,36.22,145.55,73.81
1,0,0,74.58,36.1,165.83,25.15
1,0,1,61.39,27.08,137.28,57.47
1,1,0,41.85,22.38,108.12,47.85
0,1,0,26.4,17.79,92.24,10.03
0,1,1,72.83,30.77,197.82,46.76
0,1,0,67.39,39.73,141.54,21.02
0,1,1,54.95,29.95,120.49,37.36
0,1,1,47.91,42.05,131.12,43.29
1,0,0,49.56,22.32,107.57,25.93
1,1,1,35.23,22.07,98.83,68.17
1,0,0,32.87,30.29,84.49,19.47
0,1,1,32.94,21.07,134.67,45.16
1,1,1,41.65,23.4,101.06,78.54
1,0,0,38.56,40.36,117.01,34.5
1,1,1,67.1,54.99,126.71,70.38
1,1,1,46.99,12.33,126.54,65.98
0,0,1,76.59,33.88,151.68,24.74
0,0,0,35.89,24.39,69.56,0.24
1,1,0,22.94,34.82,83.08,49.18
0,0,1,59.74,35.82,137.36,26.42
1,0,0,73.92,29.97,170.05,26.91
0,0,1,39.91,32.23,87.3,22.27
1,0,1,45.78,28.02,116.71,68.16
1,1,0,35.46,29.19,132.43,51.81
0,1,1,29.31,40.71,94.26,47.79
0,1,0,39.71,15.67,108.3,22.93
0,1,1,91.49,32.68,169.41,38.79
1,0,1,54.81,28.35,148.43,57.56
0,1,1,61.28,33.59,204.14,50.38
1,0,0,48.12,38.47,134.29,28.08
1,1,1,68.05,33.43,149.17,80.7
1,0,0,29.16,40.41,104.62,30.22
1,1,0,58.6,37.28,124.55,55.51
1,1,0,55.26,21.56,128.86,47.59
1,0,0,66.5,29.82,146.48,38.64
1,0,1,54.66,14.21,114.63,60.89
0,0,1,76.09,37.81,180.49,29.61
1,1,0,67.25,32.97,175.56,51.44
0,0,0,49.06,34.91,148.1,0.0
1,0,0,34.14,36.3,103.05,28.29
1,1,0,59.42,43.59,153.5,45.91
0,1,0,54.85,42.84,173.59,22.72
1,1,0,58.59,40.25,161.78,49.98
1,0,0,52.99,29.19,133.76,27.69
0,0,1,39.49,36.81,116.35,25.67
0,0,1,56.31,24.22,148.15,25.01
1,0,0,56.78,27.18,96.38,34.65
0,0,1,42.38,11.41,108.37,24.78
1,1,0,47.62,42.52,151.22,48.24
0,0,1,60.36,32.66,156.17,24.65
1,0,0,38.39,29.44,107.23,35.13
0,0,1,70.38,26.46,123.97,27.71
0,1,1,47.7,27.59,99.84,41.85
1,1,1,29.18,37.64,115.76,72.25
1,1,0,46.59,19.12,94.68,47.37
1,1,1,33.64,37.94,117.94,75.69
0,0,0,46.79,43.13,109.71,0.0
1,0,0,55.55,35.84,139.39,29.71
0,1,0,29.97,19.1,112.02,25.22
1,1,1,54.17,26.95,145.11,68.92
0,1,1,62.28,31.58,178.48,40.83
1,0,1,71.78,30.14,140.0,53.5
1,0,0,40.16,21.88,108.04,25.94
0,1,1,32.2,27.02,102.44,44.14
0,1,1,63.13,36.95,134.04,39.7
0,1,1,65.32,39.19,145.32,39.6
0,1,0,53.37,19.83,142.49,21.81
1,0,1,63.9,32.29,180.78,47.61
0,1,1,55.72,19.61,126.75,43.83
0,0,1,60.3,21.61,133.26,14.9
0,0,0,59.21,21.31,106.0,6.43
1,1,0,32.43,52.74,130.38,50.04
0,1,0,32.67,25.8,92.5,10.1
0,0,0,26.83,24.61,109.16,4.19
0,0,0,45.68,31.3,132.17,2.64
0,1,1,91.53,24.07,200.57,43.05
0,0,1,39.22,32.04,107.17,21.02
1,1,1,50.68,36.23,150.99,85.77
0,1,0,30.2,28.29,103.48,19.45
1,1,0,52.96,34.01,148.14,36.89
0,1,1,44.25,39.63,162.17,49.31
1,0,0,57.2,19.45,143.11,25.19
0,0,0,50.33,20.54,119.49,0.0
1,0,1,63.46,41.3,141.28,51.28
1,0,1,38.0,27.3,94.19,60.33
1,0,1,64.27,35.27,145.72,54.01
1,1,0,61.83,32.63,125.22,51.63
0,0,0,48.15,35.88,132.19,7.78
0,0,0,33.81,42.88,138.77,0.0
1,1,1,56.14,33.57,141.34,74.81
0,0,0,55.72,28.99,121.13,0.0
0,1,1,50.56,27.26,131.8,47.59
0,1,0,62.84,35.75,132.33,21.82
0,1,1,32.17,29.5,90.74,47.37
0,0,1,38.72,31.95,145.85,28.43
1,1,0,61.53,23.76,73.29,50.64
1,0,1,80.88,32.54,151.71,58.85
0,0,1,46.46,25.93,111.7,26.47
0,1,0,54.35,35.93,134.81,17.56
1,0,1,53.92,40.23,140.15,49.85
1,1,1,67.32,28.47,130.4,75.74
0,0,0,59.68,30.19,93.47,3.91
0,0,0,66.25,24.36,131.74,0.0
1,1,0,48.48,9.07,77.45,52.09
0,1,0,88.76,42.49,185.64,18.45
0,0,1,57.29,10.51,76.79,28.7
0,0,1,31.93,20.7,102.42,18.22
0,1,0,59.93,20.7,129.49,18.32
1,0,0,51.73,30.58,135.47,33.94
0,1,0,54.61,27.52,158.54,15.63
1,0,0,35.33,20.82,74.48,30.57
1,1,1,60.2,28.01,104.06,76.66
1,0,1,41.87,29.46,125.62,63.74
1,0,1,58.82,36.2,106.79,55.46
1,0,0,33.9,35.99,115.89,31.25
1,1,1,47.02,21.18,121.94,77.95
1,0,0,55.74,29.77,124.68,31.7
1,0,1,10.63,55.49,126.74,55.74
0,1,1,58.19,22.07,170.66,45.3
0,0,1,39.84,34.16,118.48,26.34
1,1,1,58.23,33.25,139.88,71.48
0,0,0,52.2,24.78,188.52,6.8
0,1,1,22.32,37.86,111.43,53.98
1,0,1,58.76,36.14,130.01,52.93
1,1,0,49.68,29.72,110.28,51.85
1,1,1,38.42,46.1,139.07,78.18
0,1,0,49.54,37.94,158.2,16.69
1,1,1,46.19,20.33,140.7,71.69
0,1,1,90.39,38.27,155.2,36.33
0,1,0,54.02,21.76,115.42,26.63
0,1,1,50.01,28.22,134.73,44.6
0,1,1,63.36,33.66,148.98,40.5
1,0,1,32.06,26.93,111.41,50.66
0,0,0,66.45,8.09,155.23,5.61
0,1,0,48.91,40.26,111.58,20.44
1,0,1,55.84,30.01,130.03,52.03
0,0,1,67.97,42.45,185.12,24.13
1,0,1,38.9,16.65,97.84,57.17
1,0,0,39.05,30.15,99.08,19.49
1,0,0,57.19,29.3,113.81,29.24
0,1,0,33.85,40.36,148.44,25.16
1,1,1,45.58,44.53,170.69,74.59
1,1,1,45.04,30.03,149.69,66.65
0,0,0,80.65,32.9,145.02,0.0
1,0,0,22.43,36.14,113.57,27.19
0,0,0,18.51,36.83,103.05,2.83
1,1,0,28.14,22.88,83.86,49.17
1,1,0,47.42,16.4,94.19,45.85
0,1,0,67.4,35.14,156.51,20.88
0,0,1,73.97,37.34,161.49,23.81
1,0,0,45.69,44.91,152.36,29.66
1,0,0,42.89,31.89,92.9,28.95
0,0,0,61.83,23.63,136.68,11.53
0,1,1,31.46,42.54,138.62,47.69
1,1,0,65.65,43.62,165.47,52.61
1,0,1,36.89,39.63,109.68,55.66
0,1,0,35.52,33.59,158.28,10.91
0,1,1,66.83,28.13,159.54,46.76
0,1,1,51.58,33.02,125.92,45.1
1,0,0,64.1,26.1,114.8,27.81
1,1,1,61.09,38.64,136.66,79.21
1,0,1,32.32,27.8,122.31,47.22
1,0,0,49.07,13.27,116.14,26.57
1,0,0,24.0,32.21,107.94,27.88
1,1,0,33.4,49.63,148.29,42.22
1,0,1,22.69,22.94,67.79,63.52
1,1,1,78.44,28.76,149.3,79.85
1,0,0,60.59,41.91,162.17,35.31
0,0,1,68.78,37.4,170.73,36.08
1,0,1,42.79,55.39,147.39,47.98
1,1,1,45.29,33.14,122.92,74.29
0,1,0,45.12,20.63,102.75,23.05
0,0,1,30.85,39.49,86.17,27.31
0,1,0,55.89,34.54,108.78,20.25
0,0,1,52.78,15.49,133.15,31.93
0,1,0,43.63,40.58,138.04,25.99
1,0,1,33.53,23.17,92.23,55.0
1,0,1,57.77,24.71,115.09,54.95
0,0,0,61.98,21.5,117.16,5.59
0,1,0,36.78,44.04,110.98,17.23
0,1,0,57.36,25.22,139.15,15.97
0,0,1,48.13,30.16,132.66,22.77
